<?xml version="1.0" encoding="UTF-8"?>

<mule xmlns:smtp="http://www.mulesoft.org/schema/mule/smtp" xmlns:http="http://www.mulesoft.org/schema/mule/http" xmlns="http://www.mulesoft.org/schema/mule/core" xmlns:doc="http://www.mulesoft.org/schema/mule/documentation"
	xmlns:spring="http://www.springframework.org/schema/beans" 
	xmlns:xsi="http://www.w3.org/2001/XMLSchema-instance"
	xsi:schemaLocation="http://www.springframework.org/schema/beans http://www.springframework.org/schema/beans/spring-beans-current.xsd
http://www.mulesoft.org/schema/mule/core http://www.mulesoft.org/schema/mule/core/current/mule.xsd
http://www.mulesoft.org/schema/mule/http http://www.mulesoft.org/schema/mule/http/current/mule-http.xsd
http://www.mulesoft.org/schema/mule/smtp http://www.mulesoft.org/schema/mule/smtp/current/mule-smtp.xsd">
    <http:listener-config name="HTTP_Listener_Configuration" host="0.0.0.0" port="8081" doc:name="HTTP Listener Configuration"/>
    <http:request-config name="HTTP_Request_Configuration" host="0.0.0.0" port="5000" doc:name="HTTP Request Configuration"/>
    <flow name="movie-recommendationFlow">
        <http:listener config-ref="HTTP_Listener_Configuration" path="/login" allowedMethods="GET" doc:name="HTTP"/>
        <set-variable variableName="movies" value="#[message.inboundProperties.'http.query.params'.movies]" doc:name="No.OfMovies"/>
        <set-variable variableName="userid" value="#[message.inboundProperties.'http.query.params'.userid]" doc:name="User Id"/>
        <http:request config-ref="HTTP_Request_Configuration" path="/login" method="GET" doc:name="HTTP">
            <http:request-builder>
                <http:query-param paramName="movies" value="#[flowVars.movies]"/>
                <http:query-param paramName="userId" value="#[flowVars.userid]"/>
            </http:request-builder>
        </http:request>
        <set-payload value="Hi, Team
Following are the recommendation for the user #[flowVars.userid]
#[message.payloadAs(java.lang.String)]" doc:name="Set Payload"/>
        <smtp:outbound-endpoint host="smtp.dynect.net" port="587" user="prasanta.padhi@liquidationchannel.com" password="m@Lc@9675!" to="tusharma@q3tech.com" from="noreply@vglgroup.com" subject="First test run" responseTimeout="10000" doc:name="SMTP"/>
        <set-payload value="#[&quot;Mesage sent successfully&quot;]" doc:name="Set Payload"/>
        <logger message="Message sent successfully" level="INFO" doc:name="Logger"/>
    </flow>
</mule>
